{"cameraMode":{"drawMode":0,"name":"Shaded","section":"Shading Mode"},"sceneLighting":false,"audioPlay":false,"sceneViewState":{"showFog":true,"showMaterialUpdate":false,"showSkybox":false,"showFlares":true,"showImageEffects":true,"showParticleSystems":true},"in2DMode":false,"pivot":{"x":-0.1875,"y":8.037500381469727,"z":-0.17499999701976777},"rotation":{"x":0.013498610816895962,"y":0.011998351663351059,"z":-0.0001619967515580356,"w":0.9998371005058289},"size":9.73196792602539,"orthographic":true}