{"cameraMode":{"drawMode":0,"name":"Shaded","section":"Shading Mode"},"sceneLighting":false,"audioPlay":false,"sceneViewState":{"showFog":true,"showMaterialUpdate":false,"showSkybox":false,"showFlares":true,"showImageEffects":true,"showParticleSystems":true},"in2DMode":false,"pivot":{"x":-0.03674459457397461,"y":0.032239437103271487,"z":1.24702787399292},"rotation":{"x":0.01783526875078678,"y":0.13456851243972779,"z":-0.002422498306259513,"w":0.9907411336898804},"size":9.252157211303711,"orthographic":false}